Warehouse,Snapshot Week,Storage Type,Total DF%,Avg DF%,Adj Join,%,DF% ,Unnamed: 8,Unnamed: 9,Unnamed: 10,Unnamed: 11,Unnamed: 12,Unnamed: 13,Unnamed: 14,Unnamed: 15,Unnamed: 16
1,0,Casegoods,0.987438,0.992891,Casegoods_1_0,61,0.95922464,,,,,,,,,
1,0,Upholstery,0.899126,0.906567,Upholstery_1_0,39,,,,,,,,,,
1,1,Casegoods,0.995544,1,Casegoods_1_1,61,1,,,,,,,,,
1,1,Upholstery,1.003348,1,Upholstery_1_1,39,,,,,,,,,,
1,2,Casegoods,0.937767,0.977188,Upholstery_1_2,61,0.9655570299999999,,,,,,,,,
1,2,Upholstery,0.963291,0.947365,Casegoods_1_2,39,,,,,,,,,,
1,3,Casegoods,0.965702,0.975107,Casegoods_1_3,61,0.96250688,,,,,,,,,
1,3,Upholstery,0.931946,0.942799,Upholstery_1_3,39,,,,,,,,,,
1,4,Casegoods,0.963573,0.975491,Casegoods_1_4,61,0.95290571,,,,,,,,,
1,4,Upholstery,0.907366,0.91758,Upholstery_1_4,39,,,,,,,,,,
1,5,Casegoods,0.990529,1,Casegoods_1_5,61,0.94352761,,,,,,,,,
1,5,Upholstery,0.839561,0.855199,Upholstery_1_5,39,,,,,,,,,,
1,6,Casegoods,1.030189,1,Casegoods_1_6,61,0.9900975099999999,,,,,,,,,
1,6,Upholstery,0.962212,0.974609,Upholstery_1_6,39,,,,,,,,,,
1,7,Casegoods,1.072707,1,Casegoods_1_7,61,1,,,,,,,,,
1,7,Upholstery,1.005484,1,Upholstery_1_7,39,,,,,,,,,,
1,8,Casegoods,1.040879,1,Casegoods_1_8,61,0.98981554,,,,,,,,,
1,8,Upholstery,0.958604,0.973886,Upholstery_1_8,39,,,,,,,,,,
1,9,Casegoods,0.980649,0.982157,Casegoods_1_9,61,0.9590393599999999,,,,,,,,,
1,9,Upholstery,0.913731,0.922881,Upholstery_1_9,39,,,,,,,,,,
1,10,Casegoods,0.848057,0.8589,Casegoods_1_10,61,0.85694181,,,,,,,,,
1,10,Upholstery,0.843504,0.853879,Upholstery_1_10,39,,,,,,,,,,
1,11,Casegoods,0.85739,0.861894,Casegoods_1_11,61,0.82388733,,,,,,,,,
1,11,Upholstery,0.752638,0.764441,Upholstery_1_11,39,,,,,,,,,,
1,12,Casegoods,0.787956,0.886634,Upholstery_1_12,61,0.85171184,,,,,,,,,
1,12,Upholstery,0.885545,0.79709,Casegoods_1_12,39,,,,,,,,,,
1,13,Casegoods,0.923664,0.925358,Casegoods_1_13,61,0.88719806,,,,,,,,,
1,13,Upholstery,0.814618,0.827512,Upholstery_1_13,39,,,,,,,,,,
1,14,Casegoods,0.953104,0.954774,Casegoods_1_14,61,0.9101938799999999,,,,,,,,,
1,14,Upholstery,0.828962,0.840466,Upholstery_1_14,39,,,,,,,,,,
1,15,Casegoods,0.960323,0.962622,Casegoods_1_15,61,0.92241807,,,,,,,,,
1,15,Upholstery,0.848314,0.859535,Upholstery_1_15,39,,,,,,,,,,
1,16,Casegoods,0.861564,0.965608,Upholstery_1_16,61,0.92982316,,,,,,,,,
1,16,Upholstery,0.963858,0.873852,Casegoods_1_16,39,,,,,,,,,,
1,17,Casegoods,1,0.962702,Casegoods_1_17,61,0.9293000599999999,,,,,,,,,
1,17,Upholstery,1,0.877056,Upholstery_1_17,39,,,,,,,,,,
1,18,Casegoods,1,0.956024,Upholstery_1_18,61,0.92932733,,,,,,,,,
1,18,Upholstery,1,0.887571,Casegoods_1_18,39,,,,,,,,,,
1,19,Casegoods,1,0.957542,Casegoods_1_19,61,0.93612281,,,,,,,,,
1,19,Upholstery,1,0.902621,Upholstery_1_19,39,,,,,,,,,,
1,20,Casegoods,1,0.967246,Upholstery_1_20,61,0.94535881,,,,,,,,,
1,20,Upholstery,1,0.911125,Casegoods_1_20,39,,,,,,,,,,
1,21,Casegoods,1,0.971203,Casegoods_1_21,61,0.95154778,,,,,,,,,
1,21,Upholstery,1,0.920805,Upholstery_1_21,39,,,,,,,,,,
1,22,Casegoods,1,0.976524,Casegoods_1_22,61,0.9554760899999999,,,,,,,,,
1,22,Upholstery,1,0.922555,Upholstery_1_22,39,,,,,,,,,,
1,23,Casegoods,1,0.976613,Casegoods_1_23,61,0.95616608,,,,,,,,,
1,23,Upholstery,1,0.924185,Upholstery_1_23,39,,,,,,,,,,
1,24,Casegoods,1,0.975012,Upholstery_1_24,61,0.9562518299999999,,,,,,,,,
1,24,Upholstery,1,0.926909,Casegoods_1_24,39,,,,,,,,,,
1,25,Casegoods,1,0.964199,Upholstery_1_25,61,0.94816298,,,,,,,,,
1,25,Upholstery,1,0.923081,Casegoods_1_25,39,,,,,,,,,,
1,26,Casegoods,1,0.962964,Casegoods_1_26,61,0.9478986900000002,,,,,,,,,
1,26,Upholstery,1,0.924335,Upholstery_1_26,39,,,,,,,,,,
5,0,Casegoods,0.980016,1,Upholstery_5_0,62,0.9934442400000001,,,,,,,,,
5,0,Upholstery,1.011017,0.982748,Casegoods_5_0,38,,,,,,,,,,
5,1,Casegoods,1.001024,1,Casegoods_5_1,62,1,,,,,,,,,
5,1,Upholstery,1.006382,1,Upholstery_5_1,38,,,,,,,,,,
5,2,Casegoods,0.931263,0.910404,Upholstery_5_2,62,0.9227999800000001,,,,,,,,,
5,2,Upholstery,0.894501,0.943025,Casegoods_5_2,38,,,,,,,,,,
5,3,Casegoods,0.938449,0.888176,Upholstery_5_3,62,0.9113822199999998,,,,,,,,,
5,3,Upholstery,0.870496,0.949245,Casegoods_5_3,38,,,,,,,,,,
5,4,Casegoods,0.908131,0.853969,Upholstery_5_4,62,0.8792393799999999,,,,,,,,,
5,4,Upholstery,0.835212,0.92047,Casegoods_5_4,38,,,,,,,,,,
5,5,Casegoods,0.823262,0.841972,Casegoods_5_5,62,0.8566491200000002,,,,,,,,,
5,5,Upholstery,0.869989,0.880596,Upholstery_5_5,38,,,,,,,,,,
5,6,Casegoods,0.833267,0.844813,Casegoods_5_6,62,0.83901002,,,,,,,,,
5,6,Upholstery,0.821462,0.829542,Upholstery_5_6,38,,,,,,,,,,
5,7,Casegoods,0.813137,0.824825,Casegoods_5_7,62,0.8395975,,,,,,,,,
5,7,Upholstery,0.857787,0.8637,Upholstery_5_7,38,,,,,,,,,,
5,8,Casegoods,0.790468,0.804601,Casegoods_5_8,62,0.8039417,,,,,,,,,
5,8,Upholstery,0.794494,0.802866,Upholstery_5_8,38,,,,,,,,,,
5,9,Casegoods,0.809588,0.798983,Upholstery_5_9,62,0.8058830399999999,,,,,,,,,
5,9,Upholstery,0.786402,0.817141,Casegoods_5_9,38,,,,,,,,,,
5,10,Casegoods,0.788477,0.802484,Casegoods_5_10,62,0.816278,,,,,,,,,
5,10,Upholstery,0.82643,0.838784,Upholstery_5_10,38,,,,,,,,,,
5,11,Casegoods,0.819317,0.820853,Upholstery_5_11,62,0.8228434400000001,,,,,,,,,
5,11,Upholstery,0.808649,0.826091,Casegoods_5_11,38,,,,,,,,,,
5,12,Casegoods,0.820497,0.814775,Upholstery_5_12,62,0.8191012999999999,,,,,,,,,
5,12,Upholstery,0.801744,0.82616,Casegoods_5_12,38,,,,,,,,,,
5,13,Casegoods,0.831472,0.813863,Upholstery_5_13,62,0.82376884,,,,,,,,,
5,13,Upholstery,0.802932,0.839931,Casegoods_5_13,38,,,,,,,,,,
5,14,Casegoods,0.841876,0.805929,Upholstery_5_14,62,0.8221010400000001,,,,,,,,,
5,14,Upholstery,0.800228,0.848487,Casegoods_5_14,38,,,,,,,,,,
5,15,Casegoods,0.808105,0.810645,Casegoods_5_15,62,0.8305615599999999,,,,,,,,,
5,15,Upholstery,0.855861,0.863057,Upholstery_5_15,38,,,,,,,,,,
5,16,Casegoods,0.82095,0.822585,Casegoods_5_16,62,0.83465874,,,,,,,,,
5,16,Upholstery,0.845023,0.854358,Upholstery_5_16,38,,,,,,,,,,
5,17,Casegoods,1,0.827837,Casegoods_5_17,62,0.8456331600000001,,,,,,,,,
5,17,Upholstery,1,0.874669,Upholstery_5_17,38,,,,,,,,,,
5,18,Casegoods,1,0.834202,Casegoods_5_18,62,0.85607708,,,,,,,,,
5,18,Upholstery,1,0.891768,Upholstery_5_18,38,,,,,,,,,,
5,19,Casegoods,1,0.851641,Upholstery_5_19,62,0.87329872,,,,,,,,,
5,19,Upholstery,1,0.908635,Casegoods_5_19,38,,,,,,,,,,
5,20,Casegoods,1,0.864733,Upholstery_5_20,62,0.890706,,,,,,,,,
5,20,Upholstery,1,0.933083,Casegoods_5_20,38,,,,,,,,,,
5,21,Casegoods,1,0.874992,Upholstery_5_21,62,0.8835682199999999,,,,,,,,,
5,21,Upholstery,1,0.897561,Casegoods_5_21,38,,,,,,,,,,
5,22,Casegoods,1,0.882207,Upholstery_5_22,62,0.8890967799999998,,,,,,,,,
5,22,Upholstery,1,0.900338,Casegoods_5_22,38,,,,,,,,,,
5,23,Casegoods,1,0.887692,Upholstery_5_23,62,0.8905123599999999,,,,,,,,,
5,23,Upholstery,1,0.895114,Casegoods_5_23,38,,,,,,,,,,
5,24,Casegoods,1,0.888819,Casegoods_5_24,62,0.89287892,,,,,,,,,
5,24,Upholstery,1,0.899503,Upholstery_5_24,38,,,,,,,,,,
5,25,Casegoods,1,0.888516,Casegoods_5_25,62,0.89869316,,,,,,,,,
5,25,Upholstery,1,0.915298,Upholstery_5_25,38,,,,,,,,,,
5,26,Casegoods,1,0.889421,Upholstery_5_26,62,0.9022251,,,,,,,,,
5,26,Upholstery,1,0.923116,Casegoods_5_26,38,,,,,,,,,,
15,0,Casegoods,0.979578,0.984449,Casegoods_15_0,58,0.9306175999999999,,,,,,,,,
15,0,Upholstery,0.850242,0.856279,Upholstery_15_0,42,,,,,,,,,,
15,1,Casegoods,1.012475,1,Upholstery_15_1,58,1,,,,,,,,,
15,1,Upholstery,1.021419,1,Casegoods_15_1,42,,,,,,,,,,
15,2,Casegoods,0.912535,0.948368,Upholstery_15_2,58,0.93715358,,,,,,,,,
15,2,Upholstery,0.9307,0.921667,Casegoods_15_2,42,,,,,,,,,,
15,3,Casegoods,0.935527,0.958021,Casegoods_15_3,58,0.93923692,,,,,,,,,
15,3,Upholstery,0.905939,0.913297,Upholstery_15_3,42,,,,,,,,,,
15,4,Casegoods,0.880484,0.880365,Upholstery_15_4,58,0.88596234,,,,,,,,,
15,4,Upholstery,0.865634,0.893692,Casegoods_15_4,42,,,,,,,,,,
15,5,Casegoods,0.839542,0.91956,Upholstery_15_5,58,0.8881822199999999,,,,,,,,,
15,5,Upholstery,0.904926,0.844851,Casegoods_15_5,42,,,,,,,,,,
15,6,Casegoods,0.849789,0.869774,Casegoods_15_6,58,0.8744129,,,,,,,,,
15,6,Upholstery,0.877029,0.880819,Upholstery_15_6,42,,,,,,,,,,
15,7,Casegoods,0.919385,0.936357,Upholstery_15_7,58,0.9308650800000001,,,,,,,,,
15,7,Upholstery,0.925708,0.923281,Casegoods_15_7,42,,,,,,,,,,
15,8,Casegoods,0.948304,0.961242,Casegoods_15_8,58,0.9485924400000001,,,,,,,,,
15,8,Upholstery,0.926323,0.931124,Upholstery_15_8,42,,,,,,,,,,
15,9,Casegoods,0.941585,0.935859,Upholstery_15_9,58,0.9390888000000001,,,,,,,,,
15,9,Upholstery,0.926247,0.943549,Casegoods_15_9,42,,,,,,,,,,
15,10,Casegoods,0.827367,0.843706,Casegoods_15_10,58,0.8487892600000001,,,,,,,,,
15,10,Upholstery,0.853751,0.855809,Upholstery_15_10,42,,,,,,,,,,
15,11,Casegoods,0.815126,0.820368,Upholstery_15_11,58,0.82034406,,,,,,,,,
15,11,Upholstery,0.808858,0.820311,Casegoods_15_11,42,,,,,,,,,,
15,12,Casegoods,0.782936,0.796318,Casegoods_15_12,58,0.77362204,,,,,,,,,
15,12,Upholstery,0.734116,0.74228,Upholstery_15_12,42,,,,,,,,,,
15,13,Casegoods,0.749212,0.832351,Upholstery_15_13,58,0.80113828,,,,,,,,,
15,13,Upholstery,0.818065,0.758035,Casegoods_15_13,42,,,,,,,,,,
15,14,Casegoods,0.800998,0.835251,Upholstery_15_14,58,0.82612608,,,,,,,,,
15,14,Upholstery,0.824433,0.813525,Casegoods_15_14,42,,,,,,,,,,
15,15,Casegoods,0.826944,0.850257,Upholstery_15_15,58,0.8449314000000001,,,,,,,,,
15,15,Upholstery,0.843135,0.837577,Casegoods_15_15,42,,,,,,,,,,
15,16,Casegoods,0.857908,0.862935,Casegoods_15_16,58,0.8536068,,,,,,,,,
15,16,Upholstery,0.830239,0.840725,Upholstery_15_16,42,,,,,,,,,,
15,17,Casegoods,1,0.877506,Upholstery_15_17,58,0.85910076,,,,,,,,,
15,17,Upholstery,1,0.833684,Casegoods_15_17,42,,,,,,,,,,
15,18,Casegoods,1,0.891158,Casegoods_15_18,58,0.8743122200000001,,,,,,,,,
15,18,Upholstery,1,0.851049,Upholstery_15_18,42,,,,,,,,,,
15,19,Casegoods,1,0.901726,Upholstery_15_19,58,0.88512466,,,,,,,,,
15,19,Upholstery,1,0.862199,Casegoods_15_19,42,,,,,,,,,,
15,20,Casegoods,1,0.921063,Casegoods_15_20,58,0.90471576,,,,,,,,,
15,20,Upholstery,1,0.882141,Upholstery_15_20,42,,,,,,,,,,
15,21,Casegoods,1,0.938416,Casegoods_15_21,58,0.9169321600000001,,,,,,,,,
15,21,Upholstery,1,0.887264,Upholstery_15_21,42,,,,,,,,,,
15,22,Casegoods,1,0.95457,Casegoods_15_22,58,0.92940444,,,,,,,,,
15,22,Upholstery,1,0.894652,Upholstery_15_22,42,,,,,,,,,,
15,23,Casegoods,1,0.960887,Upholstery_15_23,58,0.93423968,,,,,,,,,
15,23,Upholstery,1,0.897441,Casegoods_15_23,42,,,,,,,,,,
15,24,Casegoods,1,0.964642,Casegoods_15_24,58,0.93672292,,,,,,,,,
15,24,Upholstery,1,0.898168,Upholstery_15_24,42,,,,,,,,,,
15,25,Casegoods,1,0.966315,Casegoods_15_25,58,0.9387382199999998,,,,,,,,,
15,25,Upholstery,1,0.900656,Upholstery_15_25,42,,,,,,,,,,
15,26,Casegoods,1,0.969344,Casegoods_15_26,58,0.9422661800000001,,,,,,,,,
15,26,Upholstery,1,0.904873,Upholstery_15_26,42,,,,,,,,,,
17,0,Casegoods,0.888319,0.896936,Casegoods_17_0,63,0.8807159400000001,,,,,,,,,
17,0,Upholstery,0.839187,0.853098,Upholstery_17_0,37,,,,,,,,,,
17,1,Casegoods,0.989818,1,Upholstery_17_1,63,0.9997095500000001,,,,,,,,,
17,1,Upholstery,1.01195,0.999215,Casegoods_17_1,37,,,,,,,,,,
17,2,Casegoods,0.878593,0.905658,Casegoods_17_2,63,0.9090805000000001,,,,,,,,,
17,2,Upholstery,0.907237,0.914908,Upholstery_17_2,37,,,,,,,,,,
17,3,Casegoods,0.939575,0.927902,Upholstery_17_3,63,0.93409099,,,,,,,,,
17,3,Upholstery,0.916441,0.944629,Casegoods_17_3,37,,,,,,,,,,
17,4,Casegoods,0.923924,0.898789,Upholstery_17_4,63,0.9122277699999999,,,,,,,,,
17,4,Upholstery,0.886724,0.93511,Casegoods_17_4,37,,,,,,,,,,
17,5,Casegoods,0.790117,0.901069,Upholstery_17_5,63,0.8628587300000001,,,,,,,,,
17,5,Upholstery,0.894254,0.797798,Casegoods_17_5,37,,,,,,,,,,
17,6,Casegoods,0.897745,0.905465,Casegoods_17_6,63,0.8927170200000001,,,,,,,,,
17,6,Upholstery,0.86684,0.871011,Upholstery_17_6,37,,,,,,,,,,
17,7,Casegoods,0.925676,0.930777,Casegoods_17_7,63,0.9178147899999999,,,,,,,,,
17,7,Upholstery,0.89235,0.895744,Upholstery_17_7,37,,,,,,,,,,
17,8,Casegoods,0.926932,0.93113,Casegoods_17_8,63,0.92538871,,,,,,,,,
17,8,Upholstery,0.911589,0.915613,Upholstery_17_8,37,,,,,,,,,,
17,9,Casegoods,0.919135,0.922207,Casegoods_17_9,63,0.92223697,,,,,,,,,
17,9,Upholstery,0.919702,0.922288,Upholstery_17_9,37,,,,,,,,,,
17,10,Casegoods,0.856496,0.861157,Casegoods_17_10,63,0.86788471,,,,,,,,,
17,10,Upholstery,0.877518,0.87934,Upholstery_17_10,37,,,,,,,,,,
17,11,Casegoods,0.831296,0.833977,Casegoods_17_11,63,0.82952072,,,,,,,,,
17,11,Upholstery,0.819623,0.821933,Upholstery_17_11,37,,,,,,,,,,
17,12,Casegoods,0.781869,0.81732,Upholstery_17_12,63,0.80616487,,,,,,,,,
17,12,Upholstery,0.815937,0.787171,Casegoods_17_12,37,,,,,,,,,,
17,13,Casegoods,0.75982,0.821203,Upholstery_17_13,63,0.8002743200000001,,,,,,,,,
17,13,Upholstery,0.820237,0.764639,Casegoods_17_13,37,,,,,,,,,,
17,14,Casegoods,0.782401,0.864538,Upholstery_17_14,63,0.83669661,,,,,,,,,
17,14,Upholstery,0.863679,0.789291,Casegoods_17_14,37,,,,,,,,,,
17,15,Casegoods,0.80002,0.886913,Upholstery_17_15,63,0.85701663,,,,,,,,,
17,15,Upholstery,0.885824,0.806112,Casegoods_17_15,37,,,,,,,,,,
17,16,Casegoods,0.883784,0.886633,Casegoods_17_16,63,0.8645558399999999,,,,,,,,,
17,16,Upholstery,0.822784,0.826965,Upholstery_17_16,37,,,,,,,,,,
17,17,Casegoods,1,0.883185,Upholstery_17_17,63,0.8601750699999999,,,,,,,,,
17,17,Upholstery,1,0.820996,Casegoods_17_17,37,,,,,,,,,,
17,18,Casegoods,1,0.880652,Casegoods_17_18,63,0.8607497000000001,,,,,,,,,
17,18,Upholstery,1,0.826862,Upholstery_17_18,37,,,,,,,,,,
17,19,Casegoods,1,0.876536,Upholstery_17_19,63,0.86657264,,,,,,,,,
17,19,Upholstery,1,0.849608,Casegoods_17_19,37,,,,,,,,,,
17,20,Casegoods,1,0.8831,Casegoods_17_20,63,0.8745433800000001,,,,,,,,,
17,20,Upholstery,1,0.859974,Upholstery_17_20,37,,,,,,,,,,
17,21,Casegoods,1,0.891696,Casegoods_17_21,63,0.8876093499999999,,,,,,,,,
17,21,Upholstery,1,0.880651,Upholstery_17_21,37,,,,,,,,,,
17,22,Casegoods,1,0.897312,Upholstery_17_22,63,0.89421584,,,,,,,,,
17,22,Upholstery,1,0.888944,Casegoods_17_22,37,,,,,,,,,,
17,23,Casegoods,1,0.900608,Upholstery_17_23,63,0.89942178,,,,,,,,,
17,23,Upholstery,1,0.897402,Casegoods_17_23,37,,,,,,,,,,
17,24,Casegoods,1,0.901234,Upholstery_17_24,63,0.90409003,,,,,,,,,
17,24,Upholstery,1,0.908953,Casegoods_17_24,37,,,,,,,,,,
17,25,Casegoods,1,0.904731,Casegoods_17_25,63,0.9081057699999999,,,,,,,,,
17,25,Upholstery,1,0.913852,Upholstery_17_25,37,,,,,,,,,,
17,26,Casegoods,1,0.906255,Upholstery_17_26,63,0.90980441,,,,,,,,,
17,26,Upholstery,1,0.915848,Casegoods_17_26,37,,,,,,,,,,
19,0,Upholstery,1.221069,1.676359,Upholstery_19_0,,,,,,,,,,,
19,1,Upholstery,1.031271,1.166903,Upholstery_19_1,,,,,,,,,,,
19,2,Upholstery,1.406881,2.335174,Upholstery_19_2,,,,,,,,,,,
19,3,Upholstery,1.383663,2.176883,Upholstery_19_3,,,,,,,,,,,
19,4,Upholstery,1.708669,2.069735,Upholstery_19_4,,,,,,,,,,,
19,5,Upholstery,2.376637,2.745748,Upholstery_19_5,,,,,,,,,,,
19,6,Upholstery,2.064672,2.828792,Upholstery_19_6,,,,,,,,,,,
19,7,Upholstery,1.963783,2.717766,Upholstery_19_7,,,,,,,,,,,
19,8,Upholstery,2.398375,3.045516,Upholstery_19_8,,,,,,,,,,,
19,9,Upholstery,2.222496,2.586232,Upholstery_19_9,,,,,,,,,,,
19,10,Upholstery,2.321726,3.190003,Upholstery_19_10,,,,,,,,,,,
19,11,Upholstery,2.299373,3.426071,Upholstery_19_11,,,,,,,,,,,
19,12,Upholstery,2.748625,3.160879,Upholstery_19_12,,,,,,,,,,,
19,13,Upholstery,2.677109,2.948196,Upholstery_19_13,,,,,,,,,,,
19,14,Upholstery,2.935639,2.902053,Upholstery_19_14,,,,,,,,,,,
19,15,Upholstery,2.847796,2.927103,Upholstery_19_15,,,,,,,,,,,
19,16,Upholstery,2.889213,3.444148,Upholstery_19_16,,,,,,,,,,,
19,17,Upholstery,2.80804,3.591606,Upholstery_19_17,,,,,,,,,,,
19,18,Upholstery,3.152804,4.418109,Upholstery_19_18,,,,,,,,,,,
19,19,Upholstery,3.294307,3.917427,Upholstery_19_19,,,,,,,,,,,
19,20,Upholstery,3.304471,3.453799,Upholstery_19_20,,,,,,,,,,,
19,21,Upholstery,3.268037,3.329779,Upholstery_19_21,,,,,,,,,,,
19,22,Upholstery,3.218495,3.243575,Upholstery_19_22,,,,,,,,,,,
19,23,Upholstery,3.222196,3.826207,Upholstery_19_23,,,,,,,,,,,
19,24,Upholstery,3.216262,4.177187,Upholstery_19_24,,,,,,,,,,,
19,25,Upholstery,3.156231,3.527407,Upholstery_19_25,,,,,,,,,,,
19,26,Upholstery,3.167599,3.553935,Upholstery_19_26,,,,,,,,,,,
28,0,Casegoods,1.072408,1,Casegoods_28_0,61,0.9760075900000001,,,,,,,,,
28,0,Upholstery,0.936981,0.938481,Upholstery_28_0,39,,,,,,,,,,
28,1,Casegoods,0.948983,0.999488,Upholstery_28_1,61,0.98318561,,,,,,,,,
28,1,Upholstery,0.987641,0.957687,Casegoods_28_1,39,,,,,,,,,,
28,2,Casegoods,0.935599,0.947298,Casegoods_28_2,61,0.94359105,,,,,,,,,
28,2,Upholstery,0.932046,0.937793,Upholstery_28_2,39,,,,,,,,,,
28,3,Casegoods,0.937566,0.947686,Casegoods_28_3,61,0.93674299,,,,,,,,,
28,3,Upholstery,0.913336,0.919627,Upholstery_28_3,39,,,,,,,,,,
28,4,Casegoods,0.923173,0.932861,Casegoods_28_4,61,0.91142036,,,,,,,,,
28,4,Upholstery,0.86854,0.877885,Upholstery_28_4,39,,,,,,,,,,
28,5,Casegoods,0.748627,0.90127,Upholstery_28_5,61,0.84636853,,,,,,,,,
28,5,Upholstery,0.893096,0.760497,Casegoods_28_5,39,,,,,,,,,,
28,6,Casegoods,0.849745,0.913171,Upholstery_28_6,61,0.89244484,,,,,,,,,
28,6,Upholstery,0.906251,0.860027,Casegoods_28_6,39,,,,,,,,,,
28,7,Casegoods,0.873801,0.927574,Upholstery_28_7,61,0.90956965,,,,,,,,,
28,7,Upholstery,0.92631,0.881409,Casegoods_28_7,39,,,,,,,,,,
28,8,Casegoods,0.858466,0.859181,Casegoods_28_8,61,0.86734877,,,,,,,,,
28,8,Upholstery,0.874383,0.880124,Upholstery_28_8,39,,,,,,,,,,
28,9,Casegoods,0.813943,0.826327,Upholstery_28_9,61,0.8236578400000001,,,,,,,,,
28,9,Upholstery,0.824851,0.819483,Casegoods_28_9,39,,,,,,,,,,
28,10,Casegoods,0.764195,0.816608,Upholstery_28_10,61,0.79865864,,,,,,,,,
28,10,Upholstery,0.814927,0.770584,Casegoods_28_10,39,,,,,,,,,,
28,11,Casegoods,0.828127,0.830543,Casegoods_28_11,61,0.7891023799999999,,,,,,,,,
28,11,Upholstery,0.7163,0.724285,Upholstery_28_11,39,,,,,,,,,,
28,12,Casegoods,0.844065,0.84619,Casegoods_28_12,61,0.80116411,,,,,,,,,
28,12,Upholstery,0.722199,0.730739,Upholstery_28_12,39,,,,,,,,,,
28,13,Casegoods,0.759088,0.856673,Upholstery_28_13,61,0.82198445,,,,,,,,,
28,13,Upholstery,0.853787,0.767728,Casegoods_28_13,39,,,,,,,,,,
28,14,Casegoods,0.860508,0.864292,Casegoods_28_14,61,0.83557552,,,,,,,,,
28,14,Upholstery,0.784153,0.79066,Upholstery_28_14,39,,,,,,,,,,
28,15,Casegoods,0.788999,0.861434,Upholstery_28_15,61,0.83524862,,,,,,,,,
28,15,Upholstery,0.857386,0.794292,Casegoods_28_15,39,,,,,,,,,,
28,16,Casegoods,0.803089,0.860678,Upholstery_28_16,61,0.84006923,,,,,,,,,
28,16,Upholstery,0.855746,0.807835,Casegoods_28_16,39,,,,,,,,,,
28,17,Casegoods,1,0.8567,Upholstery_28_17,61,0.8452675400000002,,,,,,,,,
28,17,Upholstery,1,0.827386,Casegoods_28_17,39,,,,,,,,,,
28,18,Casegoods,1,0.851319,Upholstery_28_18,61,0.84765807,,,,,,,,,
28,18,Upholstery,1,0.841932,Casegoods_28_18,39,,,,,,,,,,
28,19,Casegoods,1,0.85005,Upholstery_28_19,61,0.8556636599999998,,,,,,,,,
28,19,Upholstery,1,0.864444,Casegoods_28_19,39,,,,,,,,,,
28,20,Casegoods,1,0.856797,Upholstery_28_20,61,0.86544603,,,,,,,,,
28,20,Upholstery,1,0.878974,Casegoods_28_20,39,,,,,,,,,,
28,21,Casegoods,1,0.862674,Upholstery_28_21,61,0.8712126599999999,,,,,,,,,
28,21,Upholstery,1,0.884568,Casegoods_28_21,39,,,,,,,,,,
28,22,Casegoods,1,0.865386,Upholstery_28_22,61,0.87228081,,,,,,,,,
28,22,Upholstery,1,0.883065,Casegoods_28_22,39,,,,,,,,,,
28,23,Casegoods,1,0.868713,Upholstery_28_23,61,0.87398619,,,,,,,,,
28,23,Upholstery,1,0.882234,Casegoods_28_23,39,,,,,,,,,,
28,24,Casegoods,1,0.872883,Upholstery_28_24,61,0.87750801,,,,,,,,,
28,24,Upholstery,1,0.884742,Casegoods_28_24,39,,,,,,,,,,
28,25,Casegoods,1,0.874447,Casegoods_28_25,61,0.87947527,,,,,,,,,
28,25,Upholstery,1,0.88734,Upholstery_28_25,39,,,,,,,,,,
28,26,Casegoods,1,0.870426,Casegoods_28_26,61,0.8784093000000002,,,,,,,,,
28,26,Upholstery,1,0.890896,Upholstery_28_26,39,,,,,,,,,,
42,0,Casegoods,0.769813,0.793029,Casegoods_42_0,59,0.7577234899999999,,,,,,,,,
42,0,Upholstery,0.634086,0.7069179999999999,Upholstery_42_0,41,,,,,,,,,,
42,1,Casegoods,0.930899,1,Upholstery_42_1,59,1,,,,,,,,,
42,1,Upholstery,1.008427,1,Casegoods_42_1,41,,,,,,,,,,
42,2,Casegoods,0.880929,0.9672025,Upholstery_42_2,59,0.96982773,,,,,,,,,
42,2,Upholstery,0.913163,0.9736055,Casegoods_42_2,41,,,,,,,,,,
42,3,Casegoods,0.893918,1,Upholstery_42_3,59,1,,,,,,,,,
42,3,Upholstery,0.945251,1,Casegoods_42_3,41,,,,,,,,,,
42,4,Casegoods,0.891987,1,Upholstery_42_4,59,1,,,,,,,,,
42,4,Upholstery,0.917281,1,Casegoods_42_4,41,,,,,,,,,,
42,5,Casegoods,0.912845,1,Upholstery_42_5,59,1,,,,,,,,,
42,5,Upholstery,0.918292,1,Casegoods_42_5,41,,,,,,,,,,
42,6,Casegoods,0.910008,1,Casegoods_42_6,59,1,,,,,,,,,
42,6,Upholstery,0.867796,1,Upholstery_42_6,41,,,,,,,,,,
42,7,Casegoods,0.94962,1,Casegoods_42_7,59,1,,,,,,,,,
42,7,Upholstery,0.890602,1,Upholstery_42_7,41,,,,,,,,,,
42,8,Casegoods,0.858474,1,Upholstery_42_8,59,1,,,,,,,,,
42,8,Upholstery,0.901965,1,Casegoods_42_8,41,,,,,,,,,,
42,9,Casegoods,0.801884,0.8829795,Upholstery_42_9,59,0.8910288249999999,,,,,,,,,
42,9,Upholstery,0.853538,0.902612,Casegoods_42_9,41,,,,,,,,,,
42,10,Casegoods,0.805471,0.835001,Upholstery_42_10,59,0.849797695,,,,,,,,,
42,10,Upholstery,0.878873,0.8710905,Casegoods_42_10,41,,,,,,,,,,
42,11,Casegoods,0.878448,0.8127985,Casegoods_42_11,59,0.8409191699999999,,,,,,,,,
42,11,Upholstery,0.809291,0.8813854999999999,Upholstery_42_11,41,,,,,,,,,,
42,12,Casegoods,0.792021,0.8435414999999999,Upholstery_42_12,59,0.86684672,,,,,,,,,
42,12,Upholstery,0.89547,0.9003835,Casegoods_42_12,41,,,,,,,,,,
42,13,Casegoods,0.79597,0.863684,Upholstery_42_13,59,0.8779401099999999,,,,,,,,,
42,13,Upholstery,0.897191,0.898455,Casegoods_42_13,41,,,,,,,,,,
42,14,Casegoods,0.814038,0.860759,Upholstery_42_14,59,0.879664305,,,,,,,,,
42,14,Upholstery,0.90426,0.9068695,Casegoods_42_14,41,,,,,,,,,,
42,15,Casegoods,0.900454,0.858575,Casegoods_42_15,59,0.8807676849999999,,,,,,,,,
42,15,Upholstery,0.832705,0.9127035,Upholstery_42_15,41,,,,,,,,,,
42,16,Casegoods,0.913291,0.8545615,Casegoods_42_16,59,0.8845827249999999,,,,,,,,,
42,16,Upholstery,0.824527,0.9277839999999999,Upholstery_42_16,41,,,,,,,,,,
42,17,Casegoods,1,1,Casegoods_42_17,59,1,,,,,,,,,
42,17,Upholstery,1,1,Upholstery_42_17,41,,,,,,,,,,
42,18,Casegoods,1,1,Casegoods_42_18,59,1,,,,,,,,,
42,18,Upholstery,1,1,Upholstery_42_18,41,,,,,,,,,,
42,19,Casegoods,1,1,Upholstery_42_19,59,1,,,,,,,,,
42,19,Upholstery,1,1,Casegoods_42_19,41,,,,,,,,,,
42,20,Casegoods,1,1,Casegoods_42_20,59,1,,,,,,,,,
42,20,Upholstery,1,1,Upholstery_42_20,41,,,,,,,,,,
42,21,Casegoods,1,1,Casegoods_42_21,59,1,,,,,,,,,
42,21,Upholstery,1,1,Upholstery_42_21,41,,,,,,,,,,
42,22,Casegoods,1,1,Upholstery_42_22,59,1,,,,,,,,,
42,22,Upholstery,1,1,Casegoods_42_22,41,,,,,,,,,,
42,23,Casegoods,1,1,Casegoods_42_23,59,1,,,,,,,,,
42,23,Upholstery,1,1,Upholstery_42_23,41,,,,,,,,,,
42,24,Casegoods,1,1,Casegoods_42_24,59,1,,,,,,,,,
42,24,Upholstery,1,1,Upholstery_42_24,41,,,,,,,,,,
42,25,Casegoods,1,1,Casegoods_42_25,59,1,,,,,,,,,
42,25,Upholstery,1,1,Upholstery_42_25,41,,,,,,,,,,
42,26,Casegoods,1,1,Upholstery_42_26,59,1,,,,,,,,,
42,26,Upholstery,1,1,Casegoods_42_26,41,,,,,,,,,,
335,0,Casegoods,0.385629,0.640464,Upholstery_335_0,75,0.579126625,,,,,,,,,
335,0,Upholstery,0.501154,0.39511450000000004,Casegoods_335_0,25,,,,,,,,,,
335,1,Casegoods,1.172142,1,Upholstery_335_1,75,1,,,,,,,,,
335,1,Upholstery,1.598671,1,Casegoods_335_1,25,,,,,,,,,,
335,2,Casegoods,0.901419,1,Upholstery_335_2,75,0.9877195000000001,,,,,,,,,
335,2,Upholstery,1.307079,0.950878,Casegoods_335_2,25,,,,,,,,,,
335,3,Casegoods,0.90835,1,Upholstery_335_3,75,0.973035375,,,,,,,,,
335,3,Upholstery,1.443192,0.8921415,Casegoods_335_3,25,,,,,,,,,,
335,4,Casegoods,1.355162,1,Casegoods_335_4,75,0.93303075,,,,,,,,,
335,4,Upholstery,0.681502,0.732123,Upholstery_335_4,25,,,,,,,,,,
335,5,Casegoods,1.231921,1,Casegoods_335_5,75,0.906442,,,,,,,,,
335,5,Upholstery,0.687786,0.625768,Upholstery_335_5,25,,,,,,,,,,
335,6,Casegoods,0.723802,1,Upholstery_335_6,75,0.9292545,,,,,,,,,
335,6,Upholstery,1.384249,0.717018,Casegoods_335_6,25,,,,,,,,,,
335,7,Casegoods,1.538174,1,Casegoods_335_7,75,0.941457875,,,,,,,,,
335,7,Upholstery,0.744883,0.7658315,Upholstery_335_7,25,,,,,,,,,,
335,8,Casegoods,1.637828,1,Casegoods_335_8,75,0.9622437500000001,,,,,,,,,
335,8,Upholstery,0.789456,0.848975,Upholstery_335_8,25,,,,,,,,,,
335,9,Casegoods,1.769341,1,Casegoods_335_9,75,0.9811608749999999,,,,,,,,,
335,9,Upholstery,0.81442,0.9246435,Upholstery_335_9,25,,,,,,,,,,
335,10,Casegoods,0.868974,1,Upholstery_335_10,75,1,,,,,,,,,
335,10,Upholstery,1.852202,1,Casegoods_335_10,25,,,,,,,,,,
335,11,Casegoods,0.878076,1,Upholstery_335_11,75,1,,,,,,,,,
335,11,Upholstery,1.90753,1,Casegoods_335_11,25,,,,,,,,,,
335,12,Casegoods,1.990323,1,Casegoods_335_12,75,1,,,,,,,,,
335,12,Upholstery,0.938241,1,Upholstery_335_12,25,,,,,,,,,,
335,13,Casegoods,2.049787,1,Casegoods_335_13,75,1,,,,,,,,,
335,13,Upholstery,0.96574,1,Upholstery_335_13,25,,,,,,,,,,
335,14,Casegoods,2.092223,1,Casegoods_335_14,75,1,,,,,,,,,
335,14,Upholstery,0.968421,1,Upholstery_335_14,25,,,,,,,,,,
335,15,Casegoods,0.985761,1,Upholstery_335_15,75,1,,,,,,,,,
335,15,Upholstery,2.122311,1,Casegoods_335_15,25,,,,,,,,,,
335,16,Casegoods,2.189562,1,Casegoods_335_16,75,1,,,,,,,,,
335,16,Upholstery,1.007058,1,Upholstery_335_16,25,,,,,,,,,,
335,17,Casegoods,1,1,Casegoods_335_17,75,1,,,,,,,,,
335,17,Upholstery,1,1,Upholstery_335_17,25,,,,,,,,,,
335,18,Casegoods,1,1,Upholstery_335_18,75,1,,,,,,,,,
335,18,Upholstery,1,1,Casegoods_335_18,25,,,,,,,,,,
335,19,Casegoods,1,1,Casegoods_335_19,75,1,,,,,,,,,
335,19,Upholstery,1,1,Upholstery_335_19,25,,,,,,,,,,
335,20,Casegoods,1,1,Casegoods_335_20,75,1,,,,,,,,,
335,20,Upholstery,1,1,Upholstery_335_20,25,,,,,,,,,,
335,21,Casegoods,1,1,Upholstery_335_21,75,1,,,,,,,,,
335,21,Upholstery,1,1,Casegoods_335_21,25,,,,,,,,,,
335,22,Casegoods,1,1,Casegoods_335_22,75,1,,,,,,,,,
335,22,Upholstery,1,1,Upholstery_335_22,25,,,,,,,,,,
335,23,Casegoods,1,1,Casegoods_335_23,75,1,,,,,,,,,
335,23,Upholstery,1,1,Upholstery_335_23,25,,,,,,,,,,
335,24,Casegoods,1,1,Upholstery_335_24,75,1,,,,,,,,,
335,24,Upholstery,1,1,Casegoods_335_24,25,,,,,,,,,,
335,25,Casegoods,1,1,Casegoods_335_25,75,1,,,,,,,,,
335,25,Upholstery,1,1,Upholstery_335_25,25,,,,,,,,,,
335,26,Casegoods,1,1,Upholstery_335_26,75,1,,,,,,,,,
335,26,Upholstery,1,1,Casegoods_335_26,25,,,,,,,,,,
15A,0,Casegoods,2.941796,4.426803,Casegoods_15A_0,,,,,,,,,,,
15A,1,Casegoods,0.938275,1.404588,Casegoods_15A_1,,,,,,,,,,,
15A,2,Casegoods,0.731884,0.924506,Casegoods_15A_2,,,,,,,,,,,
15A,3,Casegoods,0.667154,0.690217,Casegoods_15A_3,,,,,,,,,,,
15A,4,Casegoods,0.633709,0.757102,Casegoods_15A_4,,,,,,,,,,,
15A,5,Casegoods,0.609742,0.762509,Casegoods_15A_5,,,,,,,,,,,
15A,6,Casegoods,0.645596,0.735196,Casegoods_15A_6,,,,,,,,,,,
15A,7,Casegoods,0.826986,0.682301,Casegoods_15A_7,,,,,,,,,,,
15A,8,Casegoods,1,1,Casegoods_15A_8,,,,,,,,,,,
1A,0,Casegoods,25.042372,124.148192,Casegoods_1A_0,,,,,,,,,,,
1A,1,Casegoods,54.728971,1.02596,Casegoods_1A_1,,,,,,,,,,,
1A,2,Casegoods,94.032786,2.903688,Casegoods_1A_2,,,,,,,,,,,
1A,3,Casegoods,80.859375,1.5,Casegoods_1A_3,,,,,,,,,,,
1A,4,Casegoods,68.727272,8.530303,Casegoods_1A_4,,,,,,,,,,,
1A,5,Casegoods,52.145454,3.330909,Casegoods_1A_5,,,,,,,,,,,
1A,6,Casegoods,18.444444,3.25,Casegoods_1A_6,,,,,,,,,,,
1A,7,Casegoods,1,1,Casegoods_1A_7,,,,,,,,,,,
1A,8,Casegoods,1,1,Casegoods_1A_8,,,,,,,,,,,
1A,9,Casegoods,1,1,Casegoods_1A_9,,,,,,,,,,,
5A,0,Casegoods,2.561294,3.208533,Casegoods_5A_0,,,,,,,,,,,
5A,1,Casegoods,0.932232,1.233952,Casegoods_5A_1,,,,,,,,,,,
5A,2,Casegoods,0.703916,0.945207,Casegoods_5A_2,,,,,,,,,,,
5A,3,Casegoods,0.613313,0.624756,Casegoods_5A_3,,,,,,,,,,,
5A,4,Casegoods,0.429821,0.530995,Casegoods_5A_4,,,,,,,,,,,
5A,5,Casegoods,0.399784,0.533551,Casegoods_5A_5,,,,,,,,,,,
5A,6,Casegoods,0.330373,0.511963,Casegoods_5A_6,,,,,,,,,,,
5A,7,Casegoods,0.363347,0.5771,Casegoods_5A_7,,,,,,,,,,,
5A,8,Casegoods,1,1,Casegoods_5A_8,,,,,,,,,,,
C,11,Upholstery,1,1,Upholstery_C_11,,,,,,,,,,,
C,12,Upholstery,1,1,Upholstery_C_12,,,,,,,,,,,
C,13,Upholstery,1,1,Upholstery_C_13,,,,,,,,,,,
C,14,Upholstery,1,1,Upholstery_C_14,,,,,,,,,,,
C,15,Upholstery,1,1,Upholstery_C_15,,,,,,,,,,,
C,16,Upholstery,1,1,Upholstery_C_16,,,,,,,,,,,
C,17,Upholstery,1,1,Upholstery_C_17,,,,,,,,,,,
C,18,Upholstery,1,1,Upholstery_C_18,,,,,,,,,,,
C,19,Upholstery,1,1,Upholstery_C_19,,,,,,,,,,,
C,20,Upholstery,1,1,Upholstery_C_20,,,,,,,,,,,
C,21,Upholstery,1,1,Upholstery_C_21,,,,,,,,,,,
C,22,Upholstery,1,1,Upholstery_C_22,,,,,,,,,,,
C,23,Upholstery,1,1,Upholstery_C_23,,,,,,,,,,,
C,24,Upholstery,1,1,Upholstery_C_24,,,,,,,,,,,
C,25,Upholstery,1,1,Upholstery_C_25,,,,,,,,,,,
C,26,Upholstery,1,1,Upholstery_C_26,,,,,,,,,,,
ECA,0,Casegoods,2.755947,3.227097,Casegoods_ECA_0,,,,,,,,,,,
ECA,1,Casegoods,0.878238,1.161378,Casegoods_ECA_1,,,,,,,,,,,
ECA,2,Casegoods,0.727774,0.926946,Casegoods_ECA_2,,,,,,,,,,,
ECA,3,Casegoods,0.62951,0.697387,Casegoods_ECA_3,,,,,,,,,,,
ECA,4,Casegoods,0.547606,0.635792,Casegoods_ECA_4,,,,,,,,,,,
ECA,5,Casegoods,0.472467,0.586577,Casegoods_ECA_5,,,,,,,,,,,
ECA,6,Casegoods,0.41084,0.576608,Casegoods_ECA_6,,,,,,,,,,,
ECA,7,Casegoods,0.506244,0.607608,Casegoods_ECA_7,,,,,,,,,,,
ECA,8,Casegoods,1,1,Casegoods_ECA_8,,,,,,,,,,,
ECR,0,Casegoods,0.910262,0.913187,Casegoods_ECR_0,55,0.90967925,,,,,,,,,
ECR,0,Upholstery,0.899814,0.905392,Upholstery_ECR_0,45,,,,,,,,,,
ECR,1,Casegoods,0.978483,0.992599,Upholstery_ECR_1,55,0.9931903,,,,,,,,,
ECR,1,Upholstery,0.972378,0.993913,Casegoods_ECR_1,45,,,,,,,,,,
ECR,2,Casegoods,0.955891,0.974593,Casegoods_ECR_2,55,0.9657208,,,,,,,,,
ECR,2,Upholstery,0.938197,0.954877,Upholstery_ECR_2,45,,,,,,,,,,
ECR,3,Casegoods,0.893079,0.983603,Upholstery_ECR_3,55,0.95074985,,,,,,,,,
ECR,3,Upholstery,0.967418,0.910596,Casegoods_ECR_3,45,,,,,,,,,,
ECR,4,Casegoods,0.890654,0.968208,Upholstery_ECR_4,55,0.9418195499999998,,,,,,,,,
ECR,4,Upholstery,0.954933,0.909567,Casegoods_ECR_4,45,,,,,,,,,,
ECR,5,Casegoods,0.804995,0.951076,Upholstery_ECR_5,55,0.88876405,,,,,,,,,
ECR,5,Upholstery,0.939516,0.812605,Casegoods_ECR_5,45,,,,,,,,,,
ECR,6,Casegoods,0.873446,0.967303,Upholstery_ECR_6,55,0.9300439,,,,,,,,,
ECR,6,Upholstery,0.95647,0.884505,Casegoods_ECR_6,45,,,,,,,,,,
ECR,7,Casegoods,0.898201,1,Upholstery_ECR_7,55,0.9576045999999999,,,,,,,,,
ECR,7,Upholstery,1.002265,0.905788,Casegoods_ECR_7,45,,,,,,,,,,
ECR,8,Casegoods,0.996419,1,Casegoods_ECR_8,55,0.9487063,,,,,,,,,
ECR,8,Upholstery,0.881038,0.886014,Upholstery_ECR_8,45,,,,,,,,,,
ECR,9,Casegoods,0.840972,0.955839,Upholstery_ECR_9,55,0.9064875000000001,,,,,,,,,
ECR,9,Upholstery,0.952849,0.846169,Casegoods_ECR_9,45,,,,,,,,,,
ECR,10,Casegoods,0.857275,0.86403,Casegoods_ECR_10,55,0.8324989500000001,,,,,,,,,
ECR,10,Upholstery,0.788989,0.793961,Upholstery_ECR_10,45,,,,,,,,,,
ECR,11,Casegoods,0.830055,0.836481,Casegoods_ECR_11,55,0.7793553,,,,,,,,,
ECR,11,Upholstery,0.701378,0.709535,Upholstery_ECR_11,45,,,,,,,,,,
ECR,12,Casegoods,0.745663,0.85033,Upholstery_ECR_12,55,0.8061584500000001,,,,,,,,,
ECR,12,Upholstery,0.841788,0.752171,Casegoods_ECR_12,45,,,,,,,,,,
ECR,13,Casegoods,0.780691,0.876972,Upholstery_ECR_13,55,0.8359923,,,,,,,,,
ECR,13,Upholstery,0.867056,0.785906,Casegoods_ECR_13,45,,,,,,,,,,
ECR,14,Casegoods,0.889657,0.899979,Casegoods_ECR_14,55,0.8548646999999999,,,,,,,,,
ECR,14,Upholstery,0.794935,0.799725,Upholstery_ECR_14,45,,,,,,,,,,
ECR,15,Casegoods,0.912176,0.919367,Casegoods_ECR_15,55,0.8714217500000001,,,,,,,,,
ECR,15,Upholstery,0.807794,0.812822,Upholstery_ECR_15,45,,,,,,,,,,
ECR,16,Casegoods,0.820346,0.927583,Upholstery_ECR_16,55,0.8819665000000001,,,,,,,,,
ECR,16,Upholstery,0.922345,0.826213,Casegoods_ECR_16,45,,,,,,,,,,
ECR,17,Casegoods,1,0.9453,Casegoods_ECR_17,55,0.8964781500000001,,,,,,,,,
ECR,17,Upholstery,1,0.836807,Upholstery_ECR_17,45,,,,,,,,,,
ECR,18,Casegoods,1,0.964315,Upholstery_ECR_18,55,0.9110701,,,,,,,,,
ECR,18,Upholstery,1,0.845993,Casegoods_ECR_18,45,,,,,,,,,,
ECR,19,Casegoods,1,0.97674,Casegoods_ECR_19,55,0.9262266,,,,,,,,,
ECR,19,Upholstery,1,0.864488,Upholstery_ECR_19,45,,,,,,,,,,
ECR,20,Casegoods,1,0.987696,Casegoods_ECR_20,55,0.9360504000000001,,,,,,,,,
ECR,20,Upholstery,1,0.872928,Upholstery_ECR_20,45,,,,,,,,,,
ECR,21,Casegoods,1,0.999222,Upholstery_ECR_21,55,0.9468339,,,,,,,,,
ECR,21,Upholstery,1,0.882804,Casegoods_ECR_21,45,,,,,,,,,,
ECR,22,Casegoods,1,1,Upholstery_ECR_22,55,0.9467015499999999,,,,,,,,,
ECR,22,Upholstery,1,0.881559,Casegoods_ECR_22,45,,,,,,,,,,
ECR,23,Casegoods,1,1,Casegoods_ECR_23,55,0.94508155,,,,,,,,,
ECR,23,Upholstery,1,0.877959,Upholstery_ECR_23,45,,,,,,,,,,
ECR,24,Casegoods,1,1,Casegoods_ECR_24,55,0.9459023500000001,,,,,,,,,
ECR,24,Upholstery,1,0.879783,Upholstery_ECR_24,45,,,,,,,,,,
ECR,25,Casegoods,1,1,Casegoods_ECR_25,55,0.94651435,,,,,,,,,
ECR,25,Upholstery,1,0.881143,Upholstery_ECR_25,45,,,,,,,,,,
ECR,26,Casegoods,1,1,Upholstery_ECR_26,55,0.94777435,,,,,,,,,
ECR,26,Upholstery,1,0.883943,Casegoods_ECR_26,45,,,,,,,,,,
,,,,,,,,,,,,,,,,
,,,,,,,,,,,,,,,,
,,,,,,,,,,,,,,,,
Warehouse,1,1,15,15,17,17,28,28,335,335,42,42,5,5,ECR,ECR
Snapshot Week,Casegoods,Upholstery,Casegoods,Upholstery,Casegoods,Upholstery,Casegoods,Upholstery,Casegoods,Upholstery,Casegoods,Upholstery,Casegoods,Upholstery,Casegoods,Upholstery
0,1,0.886984,1,0.812648,1,0.8220270000000001,1,0.978081,0.640464,0.39511450000000004,0.793029,0.7069179999999999,1,0.9535655000000001,1,0.8649335
1,1,1,1,0.9129575000000001,1,1,1,1,1,1,1,1,1,1,1,1
2,1,0.981428,1,0.897931,1,1,1,1,1,0.950878,0.9672025,0.9736055,0.983624,0.958993,1,1
3,1,0.929045,1,0.9151285,1,1,1,0.979209,1,0.8921415,1,1,0.973754,0.944177,1,1
4,1,0.895816,1,0.9945845,1,1,1,0.9633674999999999,1,0.732123,1,1,0.945094,0.917606,1,1
5,1,0.8894869999999999,1,0.8624864999999999,1,0.944083,1,0.840891,1,0.625768,1,1,0.9137105,0.92516,1,1
6,1,0.9713309999999999,1,0.927729,1,1,1,0.9240595,1,0.717018,1,1,0.915197,0.9063734999999999,1,1
7,1,0.999525,1,0.9417329999999999,1,1,1,0.92433,1,0.7658315,1,1,0.9477275000000001,0.9339165,1,1
8,1,1,1,0.961203,1,1,1,0.9448065,1,0.848975,1,1,0.9685915,0.9391894999999999,1,1
9,1,1,1,0.967785,1,1,1,0.9283669999999999,1,0.9246435,0.8829795,0.902612,0.9520360000000001,0.9596199999999999,1,1
10,1,1,1,0.965749,1,1,1,0.920623,1,1,0.835001,0.8710905,0.9748319999999999,0.9869330000000001,1,1
11,1,0.99042,1,0.9542865,1,1,1,0.8823989999999999,1,1,0.8127985,0.8813854999999999,0.987992,0.9755555,1,0.9473665
12,1,1,1,0.928508,1,0.961715,1,0.868115,1,1,0.8435414999999999,0.9003835,0.997279,0.9715404999999999,1,0.9500919999999999
13,1,1,1,0.9193645,1,0.950569,1,0.895637,1,1,0.863684,0.898455,1,0.9881295000000001,1,0.9771935
14,1,1,1,0.977954,1,0.9501415,1,0.8989775,1,1,0.860759,0.9068695,1,0.976417,1,0.9711825000000001
15,1,1,1,0.987176,1,0.9745495,1,0.8802365000000001,1,1,0.858575,0.9127035,1,0.983465,1,0.9678685
16,1,1,1,0.9985664999999999,1,0.9763155,1,0.8853705000000001,1,1,0.8545615,0.9277839999999999,1,0.9968215,1,0.975899
Total,1,0.9982125588235294,1,0.9368112058823529,1,0.995732794117647,1,0.9254941176470588,1,0.9563538235294118,1,1,0.9910625294117648,0.9617849411764705,1,1
